Teacher,Day,Room
Teacher_8,1,1
Teacher_9,1,2
Teacher_14,1,3
Teacher_17,1,4
Teacher_3,1,5
Teacher_5,1,6
Teacher_13,1,7
Teacher_16,1,8
Teacher_10,1,9
Teacher_11,1,10
Teacher_12,1,11
Teacher_15,1,12
Teacher_22,1,13
Teacher_41,1,14
Teacher_51,1,15
Teacher_19,1,16
Teacher_20,1,17
Teacher_21,1,18
Teacher_24,1,19
Teacher_4,1,20
Teacher_6,1,21
Teacher_26,1,22
Teacher_31,1,23
Teacher_1,1,24
Teacher_2,1,25
Teacher_7,1,26
Teacher_23,1,27
Teacher_27,1,28
Teacher_42,1,29
Teacher_43,1,30
Teacher_4,2,1
Teacher_6,2,2
Teacher_26,2,3
Teacher_31,2,4
Teacher_1,2,5
Teacher_2,2,6
Teacher_7,2,7
Teacher_33,2,8
Teacher_38,2,9
Teacher_39,2,10
Teacher_46,2,11
Teacher_49,2,12
Teacher_54,2,13
Teacher_57,2,14
Teacher_58,2,15
Teacher_23,2,16
Teacher_27,2,17
Teacher_42,2,18
Teacher_43,2,19
Teacher_10,2,20
Teacher_11,2,21
Teacher_12,2,22
Teacher_15,2,23
Teacher_18,2,24
Teacher_25,2,25
Teacher_28,2,26
Teacher_29,2,27
Teacher_32,2,28
Teacher_36,2,29
Teacher_3,2,30
Teacher_3,3,1
Teacher_5,3,2
Teacher_13,3,3
Teacher_16,3,4
Teacher_8,3,5
Teacher_9,3,6
Teacher_14,3,7
Teacher_4,3,8
Teacher_6,3,9
Teacher_26,3,10
Teacher_31,3,11
Teacher_17,3,12
Teacher_22,3,13
Teacher_41,3,14
Teacher_1,3,15
Teacher_2,3,16
Teacher_7,3,17
Teacher_19,3,18
Teacher_20,3,19
Teacher_21,3,20
Teacher_24,3,21
Teacher_10,3,22
Teacher_11,3,23
Teacher_12,3,24
Teacher_15,3,25
Teacher_51,3,26
Teacher_56,3,27
