Student_ID,Batch,Domain
1,23,Artificial Intelligence
2,21,Business Analytics
3,23,Computer Science
4,20,Artificial Intelligence
5,22,Business Analytics
6,23,Electrical Engineering
7,20,Software Engineering
8,21,Software Engineering
9,21,Electrical Engineering
10,19,Software Engineering
11,22,Electrical Engineering
12,19,Electrical Engineering
13,20,Software Engineering
14,21,Business Analytics
15,21,Business Analytics
16,23,Software Engineering
17,21,Electrical Engineering
18,22,Business Analytics
19,22,Business Analytics
20,23,Artificial Intelligence
21,23,Artificial Intelligence
22,22,Electrical Engineering
23,20,Computer Science
24,23,Software Engineering
25,21,Computer Science
26,22,Computer Science
27,22,Business Analytics
28,20,Artificial Intelligence
29,23,Software Engineering
30,21,Software Engineering
31,19,Electrical Engineering
32,23,Business Analytics
33,21,Electrical Engineering
34,23,Software Engineering
35,20,Computer Science
36,20,Business Analytics
37,23,Electrical Engineering
38,23,Artificial Intelligence
39,21,Business Analytics
40,21,Computer Science
41,22,Artificial Intelligence
42,20,Electrical Engineering
43,23,Electrical Engineering
44,20,Electrical Engineering
45,21,Computer Science
46,21,Software Engineering
47,21,Artificial Intelligence
48,21,Computer Science
49,20,Computer Science
50,23,Software Engineering
51,22,Electrical Engineering
52,21,Software Engineering
53,19,Software Engineering
54,19,Electrical Engineering
55,23,Computer Science
56,21,Software Engineering
57,20,Electrical Engineering
58,22,Computer Science
59,23,Electrical Engineering
60,23,Software Engineering
61,23,Software Engineering
62,23,Business Analytics
63,20,Computer Science
64,21,Business Analytics
65,22,Software Engineering
66,23,Software Engineering
67,23,Business Analytics
68,19,Business Analytics
69,23,Artificial Intelligence
70,22,Artificial Intelligence
71,20,Computer Science
72,20,Software Engineering
73,23,Computer Science
74,22,Business Analytics
75,21,Artificial Intelligence
76,21,Software Engineering
77,23,Electrical Engineering
78,20,Software Engineering
79,22,Business Analytics
80,21,Computer Science
81,19,Software Engineering
82,23,Artificial Intelligence
83,20,Computer Science
84,22,Business Analytics
85,22,Electrical Engineering
86,20,Computer Science
87,19,Electrical Engineering
88,19,Computer Science
89,23,Business Analytics
90,20,Software Engineering
91,19,Business Analytics
92,22,Business Analytics
93,23,Software Engineering
94,20,Artificial Intelligence
95,23,Computer Science
96,21,Computer Science
97,20,Computer Science
98,22,Software Engineering
99,23,Electrical Engineering
100,19,Computer Science
101,20,Software Engineering
102,22,Software Engineering
103,21,Computer Science
104,23,Electrical Engineering
105,22,Artificial Intelligence
106,19,Business Analytics
107,22,Electrical Engineering
108,23,Business Analytics
109,23,Computer Science
110,23,Electrical Engineering
111,20,Artificial Intelligence
112,20,Business Analytics
113,20,Artificial Intelligence
114,22,Software Engineering
115,20,Business Analytics
116,21,Electrical Engineering
117,21,Business Analytics
118,23,Artificial Intelligence
119,20,Software Engineering
120,19,Computer Science
121,22,Artificial Intelligence
122,21,Business Analytics
123,21,Electrical Engineering
124,22,Software Engineering
125,23,Artificial Intelligence
126,20,Artificial Intelligence
127,19,Business Analytics
128,23,Artificial Intelligence
129,21,Electrical Engineering
130,20,Electrical Engineering
131,20,Computer Science
132,21,Software Engineering
133,21,Business Analytics
134,21,Software Engineering
135,21,Computer Science
136,19,Electrical Engineering
137,19,Business Analytics
138,21,Software Engineering
139,22,Software Engineering
140,19,Computer Science
141,23,Computer Science
142,21,Artificial Intelligence
143,21,Business Analytics
144,20,Software Engineering
145,20,Electrical Engineering
146,23,Electrical Engineering
147,20,Electrical Engineering
148,23,Business Analytics
149,19,Software Engineering
150,23,Software Engineering
151,20,Electrical Engineering
152,21,Business Analytics
153,20,Software Engineering
154,19,Electrical Engineering
155,19,Computer Science
156,19,Artificial Intelligence
157,21,Artificial Intelligence
158,19,Business Analytics
159,20,Software Engineering
160,21,Electrical Engineering
161,22,Business Analytics
162,21,Computer Science
163,21,Computer Science
164,20,Business Analytics
165,23,Computer Science
166,20,Business Analytics
167,19,Business Analytics
168,19,Electrical Engineering
169,21,Artificial Intelligence
170,20,Artificial Intelligence
171,20,Electrical Engineering
172,21,Computer Science
173,21,Artificial Intelligence
174,20,Computer Science
175,22,Computer Science
176,21,Software Engineering
177,22,Business Analytics
178,22,Computer Science
179,23,Computer Science
180,20,Artificial Intelligence
181,19,Computer Science
182,20,Business Analytics
183,19,Electrical Engineering
184,21,Artificial Intelligence
185,21,Software Engineering
186,20,Computer Science
187,21,Electrical Engineering
188,23,Software Engineering
189,19,Artificial Intelligence
190,23,Business Analytics
191,19,Electrical Engineering
192,22,Electrical Engineering
193,23,Electrical Engineering
194,23,Artificial Intelligence
195,19,Computer Science
196,21,Software Engineering
197,20,Artificial Intelligence
198,21,Artificial Intelligence
199,20,Electrical Engineering
200,19,Business Analytics
201,19,Business Analytics
202,21,Software Engineering
203,23,Electrical Engineering
204,23,Business Analytics
205,22,Computer Science
206,21,Computer Science
207,21,Business Analytics
208,19,Electrical Engineering
209,22,Software Engineering
210,20,Software Engineering
211,19,Software Engineering
212,20,Computer Science
213,21,Electrical Engineering
214,19,Business Analytics
215,22,Computer Science
216,20,Business Analytics
217,23,Business Analytics
218,20,Computer Science
219,22,Computer Science
220,21,Software Engineering
221,19,Electrical Engineering
222,22,Computer Science
223,23,Artificial Intelligence
224,19,Business Analytics
225,22,Electrical Engineering
226,22,Business Analytics
227,23,Artificial Intelligence
228,21,Computer Science
229,23,Electrical Engineering
230,22,Electrical Engineering
231,20,Computer Science
232,22,Computer Science
233,22,Electrical Engineering
234,21,Business Analytics
235,21,Computer Science
236,19,Software Engineering
237,22,Software Engineering
238,22,Electrical Engineering
239,20,Artificial Intelligence
240,23,Computer Science
241,21,Computer Science
242,20,Electrical Engineering
243,19,Computer Science
244,19,Artificial Intelligence
245,19,Computer Science
246,19,Business Analytics
247,21,Software Engineering
248,19,Artificial Intelligence
249,19,Artificial Intelligence
250,22,Computer Science
251,23,Business Analytics
252,20,Artificial Intelligence
253,23,Artificial Intelligence
254,22,Electrical Engineering
255,21,Software Engineering
256,19,Software Engineering
257,23,Artificial Intelligence
258,23,Electrical Engineering
259,21,Artificial Intelligence
260,21,Computer Science
261,21,Computer Science
262,19,Computer Science
263,20,Computer Science
264,23,Software Engineering
265,19,Artificial Intelligence
266,23,Electrical Engineering
267,20,Software Engineering
268,19,Software Engineering
269,20,Software Engineering
270,22,Software Engineering
271,22,Computer Science
272,22,Electrical Engineering
273,23,Computer Science
274,23,Software Engineering
275,22,Electrical Engineering
276,21,Business Analytics
277,19,Artificial Intelligence
278,22,Business Analytics
279,22,Software Engineering
280,23,Artificial Intelligence
281,19,Computer Science
282,20,Business Analytics
283,23,Computer Science
284,19,Computer Science
285,19,Computer Science
286,19,Business Analytics
287,19,Business Analytics
288,19,Business Analytics
289,21,Computer Science
290,19,Business Analytics
291,22,Computer Science
292,21,Computer Science
293,21,Business Analytics
294,19,Software Engineering
295,22,Software Engineering
296,21,Business Analytics
297,23,Software Engineering
298,22,Computer Science
299,21,Business Analytics
300,21,Electrical Engineering
301,21,Electrical Engineering
302,19,Electrical Engineering
303,20,Computer Science
304,19,Software Engineering
305,21,Electrical Engineering
306,20,Business Analytics
307,21,Electrical Engineering
308,23,Electrical Engineering
309,19,Business Analytics
310,21,Business Analytics
311,20,Business Analytics
312,22,Software Engineering
313,20,Electrical Engineering
314,23,Software Engineering
315,20,Artificial Intelligence
316,22,Electrical Engineering
317,21,Software Engineering
318,23,Computer Science
319,19,Business Analytics
320,19,Artificial Intelligence
321,22,Business Analytics
322,21,Software Engineering
323,22,Software Engineering
324,23,Software Engineering
325,21,Electrical Engineering
326,22,Software Engineering
327,21,Electrical Engineering
328,19,Electrical Engineering
329,21,Electrical Engineering
330,20,Business Analytics
331,19,Artificial Intelligence
332,23,Artificial Intelligence
333,21,Computer Science
334,22,Artificial Intelligence
335,21,Computer Science
336,20,Business Analytics
337,21,Artificial Intelligence
338,21,Computer Science
339,22,Artificial Intelligence
340,23,Business Analytics
341,21,Electrical Engineering
342,23,Electrical Engineering
343,19,Artificial Intelligence
344,20,Business Analytics
345,21,Software Engineering
346,23,Electrical Engineering
347,19,Electrical Engineering
348,21,Software Engineering
349,19,Business Analytics
350,23,Computer Science
351,21,Business Analytics
352,23,Computer Science
353,21,Business Analytics
354,19,Computer Science
355,21,Software Engineering
356,19,Software Engineering
357,21,Business Analytics
358,23,Artificial Intelligence
359,19,Artificial Intelligence
360,20,Business Analytics
361,23,Computer Science
362,22,Computer Science
363,23,Electrical Engineering
364,20,Electrical Engineering
365,20,Business Analytics
366,22,Business Analytics
367,22,Software Engineering
368,20,Business Analytics
369,19,Artificial Intelligence
370,21,Software Engineering
371,22,Electrical Engineering
372,20,Electrical Engineering
373,20,Business Analytics
374,22,Computer Science
375,23,Business Analytics
376,21,Business Analytics
377,21,Artificial Intelligence
378,23,Artificial Intelligence
379,21,Computer Science
380,20,Electrical Engineering
381,20,Artificial Intelligence
382,19,Computer Science
383,19,Business Analytics
384,21,Software Engineering
385,23,Computer Science
386,23,Computer Science
387,19,Electrical Engineering
388,22,Electrical Engineering
389,21,Business Analytics
390,19,Electrical Engineering
391,22,Electrical Engineering
392,19,Electrical Engineering
393,23,Business Analytics
394,20,Business Analytics
395,23,Electrical Engineering
396,20,Computer Science
397,23,Electrical Engineering
398,23,Software Engineering
399,22,Artificial Intelligence
400,21,Electrical Engineering
401,22,Software Engineering
402,19,Software Engineering
403,19,Computer Science
404,22,Business Analytics
405,21,Computer Science
406,19,Software Engineering
407,21,Electrical Engineering
408,20,Business Analytics
409,22,Electrical Engineering
410,21,Electrical Engineering
411,23,Software Engineering
412,22,Computer Science
413,19,Computer Science
414,21,Business Analytics
415,20,Software Engineering
416,22,Business Analytics
417,23,Artificial Intelligence
418,23,Artificial Intelligence
419,19,Electrical Engineering
420,19,Business Analytics
421,21,Computer Science
422,23,Electrical Engineering
423,21,Artificial Intelligence
424,21,Electrical Engineering
425,20,Electrical Engineering
426,19,Computer Science
427,22,Software Engineering
428,19,Artificial Intelligence
429,23,Software Engineering
430,21,Software Engineering
431,22,Business Analytics
432,23,Artificial Intelligence
433,20,Computer Science
434,21,Business Analytics
435,22,Business Analytics
436,23,Computer Science
437,22,Computer Science
438,19,Electrical Engineering
439,21,Software Engineering
440,20,Computer Science
441,21,Electrical Engineering
442,20,Electrical Engineering
443,19,Computer Science
444,22,Electrical Engineering
445,23,Software Engineering
446,21,Computer Science
447,22,Electrical Engineering
448,23,Electrical Engineering
449,21,Computer Science
450,23,Artificial Intelligence
451,23,Software Engineering
452,20,Electrical Engineering
453,22,Electrical Engineering
454,23,Computer Science
455,22,Artificial Intelligence
456,19,Artificial Intelligence
457,21,Artificial Intelligence
458,19,Computer Science
459,22,Business Analytics
460,20,Electrical Engineering
461,22,Artificial Intelligence
462,20,Computer Science
463,19,Software Engineering
464,20,Business Analytics
465,21,Software Engineering
466,23,Electrical Engineering
467,23,Electrical Engineering
468,22,Business Analytics
469,19,Computer Science
470,19,Software Engineering
471,20,Electrical Engineering
472,21,Electrical Engineering
473,22,Electrical Engineering
474,20,Business Analytics
475,20,Software Engineering
476,21,Artificial Intelligence
477,22,Electrical Engineering
478,23,Electrical Engineering
479,19,Business Analytics
480,22,Business Analytics
481,19,Artificial Intelligence
482,21,Software Engineering
483,23,Business Analytics
484,23,Artificial Intelligence
485,23,Business Analytics
486,22,Electrical Engineering
487,22,Artificial Intelligence
488,22,Electrical Engineering
489,19,Artificial Intelligence
490,19,Artificial Intelligence
491,22,Artificial Intelligence
492,23,Business Analytics
493,23,Software Engineering
494,19,Software Engineering
495,20,Software Engineering
496,21,Business Analytics
497,22,Computer Science
498,19,Computer Science
499,21,Software Engineering
500,19,Artificial Intelligence
501,20,Software Engineering
502,23,Artificial Intelligence
503,21,Business Analytics
504,20,Computer Science
505,22,Artificial Intelligence
506,19,Artificial Intelligence
507,20,Electrical Engineering
508,19,Artificial Intelligence
509,20,Software Engineering
510,21,Electrical Engineering
511,21,Electrical Engineering
512,23,Electrical Engineering
513,23,Software Engineering
514,20,Electrical Engineering
515,23,Computer Science
516,19,Artificial Intelligence
517,21,Business Analytics
518,21,Software Engineering
519,19,Business Analytics
520,20,Computer Science
521,21,Software Engineering
522,21,Computer Science
523,20,Business Analytics
524,21,Computer Science
525,23,Artificial Intelligence
526,19,Computer Science
527,20,Software Engineering
528,21,Business Analytics
529,19,Computer Science
530,22,Artificial Intelligence
531,22,Software Engineering
532,19,Software Engineering
533,23,Artificial Intelligence
534,19,Artificial Intelligence
535,19,Electrical Engineering
536,23,Software Engineering
537,19,Electrical Engineering
538,23,Software Engineering
539,19,Artificial Intelligence
540,23,Business Analytics
541,21,Electrical Engineering
542,19,Artificial Intelligence
543,19,Software Engineering
544,21,Business Analytics
545,19,Business Analytics
546,23,Software Engineering
547,22,Business Analytics
548,21,Software Engineering
549,22,Computer Science
550,22,Artificial Intelligence
551,22,Electrical Engineering
552,23,Computer Science
553,23,Business Analytics
554,19,Electrical Engineering
555,23,Software Engineering
556,22,Artificial Intelligence
557,20,Artificial Intelligence
558,19,Business Analytics
559,21,Software Engineering
560,22,Business Analytics
561,19,Electrical Engineering
562,23,Computer Science
563,23,Business Analytics
564,22,Artificial Intelligence
565,20,Computer Science
566,20,Computer Science
567,19,Computer Science
568,19,Artificial Intelligence
569,22,Computer Science
570,20,Business Analytics
571,20,Artificial Intelligence
572,23,Artificial Intelligence
573,20,Computer Science
574,22,Business Analytics
575,19,Computer Science
576,21,Software Engineering
577,23,Artificial Intelligence
578,23,Business Analytics
579,20,Artificial Intelligence
580,19,Computer Science
581,21,Business Analytics
582,20,Electrical Engineering
583,22,Artificial Intelligence
584,20,Computer Science
585,19,Business Analytics
586,19,Electrical Engineering
587,22,Business Analytics
588,22,Computer Science
589,20,Business Analytics
590,19,Electrical Engineering
591,21,Artificial Intelligence
592,20,Computer Science
593,21,Business Analytics
594,22,Artificial Intelligence
595,21,Computer Science
596,23,Electrical Engineering
597,22,Software Engineering
598,21,Computer Science
599,19,Business Analytics
600,19,Computer Science
601,20,Software Engineering
602,21,Electrical Engineering
603,19,Artificial Intelligence
604,20,Computer Science
605,22,Computer Science
606,22,Computer Science
607,21,Software Engineering
608,21,Computer Science
609,20,Business Analytics
610,21,Software Engineering
611,22,Computer Science
612,21,Artificial Intelligence
613,22,Artificial Intelligence
614,21,Electrical Engineering
615,20,Computer Science
616,19,Computer Science
617,23,Software Engineering
618,23,Electrical Engineering
619,23,Artificial Intelligence
620,22,Computer Science
621,23,Business Analytics
622,23,Computer Science
623,19,Business Analytics
624,22,Electrical Engineering
625,19,Computer Science
626,22,Computer Science
627,19,Software Engineering
628,20,Electrical Engineering
629,23,Business Analytics
630,21,Business Analytics
631,23,Artificial Intelligence
632,22,Electrical Engineering
633,22,Artificial Intelligence
634,20,Computer Science
635,21,Electrical Engineering
636,21,Computer Science
637,21,Computer Science
638,22,Artificial Intelligence
639,22,Business Analytics
640,23,Software Engineering
641,23,Computer Science
642,23,Electrical Engineering
643,22,Artificial Intelligence
644,23,Artificial Intelligence
645,23,Electrical Engineering
646,23,Computer Science
647,19,Software Engineering
648,22,Software Engineering
649,21,Business Analytics
650,21,Artificial Intelligence
651,23,Business Analytics
652,21,Computer Science
653,21,Business Analytics
654,23,Artificial Intelligence
655,20,Business Analytics
656,21,Business Analytics
657,20,Electrical Engineering
658,20,Software Engineering
659,23,Artificial Intelligence
660,23,Computer Science
661,22,Software Engineering
662,20,Electrical Engineering
663,23,Business Analytics
664,19,Software Engineering
665,22,Software Engineering
666,23,Business Analytics
667,23,Computer Science
668,19,Electrical Engineering
669,20,Software Engineering
670,19,Computer Science
671,20,Electrical Engineering
672,23,Computer Science
673,19,Business Analytics
674,23,Artificial Intelligence
675,20,Business Analytics
676,22,Business Analytics
677,19,Computer Science
678,23,Business Analytics
679,22,Artificial Intelligence
680,23,Computer Science
681,20,Artificial Intelligence
682,23,Computer Science
683,22,Electrical Engineering
684,21,Artificial Intelligence
685,23,Electrical Engineering
686,23,Computer Science
687,23,Artificial Intelligence
688,19,Computer Science
689,21,Computer Science
690,19,Artificial Intelligence
691,23,Software Engineering
692,21,Business Analytics
693,21,Software Engineering
694,19,Software Engineering
695,22,Electrical Engineering
696,20,Software Engineering
697,23,Electrical Engineering
698,22,Software Engineering
699,22,Business Analytics
700,21,Artificial Intelligence
701,19,Business Analytics
702,19,Electrical Engineering
703,20,Business Analytics
704,20,Artificial Intelligence
705,19,Electrical Engineering
706,19,Business Analytics
707,21,Computer Science
708,20,Computer Science
709,20,Business Analytics
710,21,Artificial Intelligence
711,19,Artificial Intelligence
712,19,Software Engineering
713,23,Electrical Engineering
714,23,Computer Science
715,19,Business Analytics
716,21,Business Analytics
717,19,Computer Science
718,20,Software Engineering
719,23,Computer Science
720,21,Computer Science
721,19,Business Analytics
722,20,Computer Science
723,23,Artificial Intelligence
724,23,Artificial Intelligence
725,19,Electrical Engineering
726,20,Software Engineering
727,20,Computer Science
728,21,Computer Science
729,22,Artificial Intelligence
730,19,Software Engineering
731,22,Business Analytics
732,19,Electrical Engineering
733,23,Business Analytics
734,23,Electrical Engineering
735,21,Electrical Engineering
736,19,Business Analytics
737,23,Artificial Intelligence
738,19,Computer Science
739,20,Electrical Engineering
740,21,Electrical Engineering
741,21,Artificial Intelligence
742,20,Business Analytics
743,19,Computer Science
744,23,Software Engineering
745,22,Computer Science
746,22,Software Engineering
747,19,Software Engineering
748,20,Business Analytics
749,19,Computer Science
750,23,Software Engineering
751,23,Software Engineering
752,22,Artificial Intelligence
753,20,Software Engineering
754,23,Artificial Intelligence
755,20,Software Engineering
756,20,Computer Science
757,20,Business Analytics
758,22,Electrical Engineering
759,21,Business Analytics
760,20,Business Analytics
761,19,Computer Science
762,21,Electrical Engineering
763,22,Electrical Engineering
764,21,Artificial Intelligence
765,22,Software Engineering
766,21,Computer Science
767,21,Business Analytics
768,22,Electrical Engineering
769,21,Business Analytics
770,22,Computer Science
771,20,Software Engineering
772,21,Artificial Intelligence
773,21,Software Engineering
774,20,Electrical Engineering
775,19,Electrical Engineering
776,19,Business Analytics
777,19,Artificial Intelligence
778,23,Computer Science
779,20,Software Engineering
780,23,Software Engineering
781,19,Electrical Engineering
782,20,Artificial Intelligence
783,19,Computer Science
784,20,Software Engineering
785,23,Electrical Engineering
786,20,Business Analytics
787,19,Electrical Engineering
788,19,Business Analytics
789,19,Computer Science
790,21,Business Analytics
791,22,Business Analytics
792,22,Electrical Engineering
793,19,Artificial Intelligence
794,19,Software Engineering
795,20,Software Engineering
796,23,Business Analytics
797,20,Software Engineering
798,19,Software Engineering
799,20,Computer Science
800,21,Electrical Engineering
801,22,Electrical Engineering
802,22,Business Analytics
803,19,Artificial Intelligence
804,20,Business Analytics
805,19,Artificial Intelligence
806,22,Business Analytics
807,22,Software Engineering
808,22,Electrical Engineering
809,20,Business Analytics
810,23,Artificial Intelligence
811,20,Artificial Intelligence
812,20,Computer Science
813,21,Software Engineering
814,21,Computer Science
815,19,Software Engineering
816,20,Electrical Engineering
817,19,Software Engineering
818,22,Electrical Engineering
819,20,Business Analytics
820,22,Artificial Intelligence
821,21,Artificial Intelligence
822,22,Software Engineering
823,19,Software Engineering
824,23,Electrical Engineering
825,20,Artificial Intelligence
826,21,Artificial Intelligence
827,20,Software Engineering
828,23,Artificial Intelligence
829,23,Business Analytics
830,22,Computer Science
831,19,Electrical Engineering
832,22,Artificial Intelligence
833,23,Electrical Engineering
834,21,Electrical Engineering
835,21,Artificial Intelligence
836,22,Electrical Engineering
837,23,Electrical Engineering
838,23,Software Engineering
839,22,Artificial Intelligence
840,23,Business Analytics
841,19,Artificial Intelligence
842,23,Electrical Engineering
843,20,Electrical Engineering
844,19,Electrical Engineering
845,21,Software Engineering
846,20,Electrical Engineering
847,19,Artificial Intelligence
848,23,Computer Science
849,21,Software Engineering
850,20,Software Engineering
851,23,Computer Science
852,20,Artificial Intelligence
853,20,Artificial Intelligence
854,19,Computer Science
855,19,Computer Science
856,20,Business Analytics
857,23,Business Analytics
858,19,Software Engineering
859,19,Business Analytics
860,21,Artificial Intelligence
861,21,Business Analytics
862,21,Electrical Engineering
863,23,Business Analytics
864,21,Software Engineering
865,22,Business Analytics
866,19,Computer Science
867,19,Business Analytics
868,19,Artificial Intelligence
869,22,Business Analytics
870,21,Computer Science
871,23,Electrical Engineering
872,19,Artificial Intelligence
873,21,Business Analytics
874,19,Software Engineering
875,22,Software Engineering
876,21,Artificial Intelligence
877,20,Computer Science
878,22,Artificial Intelligence
879,19,Business Analytics
880,23,Business Analytics
881,21,Software Engineering
882,21,Software Engineering
883,21,Artificial Intelligence
884,19,Electrical Engineering
885,23,Software Engineering
886,20,Software Engineering
887,23,Artificial Intelligence
888,19,Artificial Intelligence
889,21,Artificial Intelligence
890,20,Artificial Intelligence
891,22,Software Engineering
892,19,Artificial Intelligence
893,21,Software Engineering
894,19,Electrical Engineering
895,20,Software Engineering
896,19,Artificial Intelligence
897,23,Artificial Intelligence
898,23,Software Engineering
899,23,Business Analytics
900,22,Electrical Engineering
901,21,Artificial Intelligence
902,20,Software Engineering
903,21,Software Engineering
904,20,Electrical Engineering
905,22,Software Engineering
906,19,Artificial Intelligence
907,19,Computer Science
908,21,Computer Science
909,23,Artificial Intelligence
910,21,Electrical Engineering
911,19,Business Analytics
912,23,Computer Science
913,21,Software Engineering
914,21,Artificial Intelligence
915,22,Business Analytics
916,20,Business Analytics
917,23,Business Analytics
918,23,Electrical Engineering
919,19,Computer Science
920,20,Business Analytics
921,20,Artificial Intelligence
922,19,Electrical Engineering
923,22,Software Engineering
924,20,Software Engineering
925,21,Computer Science
926,21,Software Engineering
927,20,Computer Science
928,19,Software Engineering
929,21,Business Analytics
930,21,Software Engineering
931,22,Computer Science
932,21,Computer Science
933,23,Artificial Intelligence
934,21,Business Analytics
935,19,Electrical Engineering
936,19,Electrical Engineering
937,23,Business Analytics
938,20,Software Engineering
939,20,Business Analytics
940,23,Computer Science
941,20,Computer Science
942,22,Business Analytics
943,20,Computer Science
944,19,Software Engineering
945,23,Computer Science
946,19,Business Analytics
947,22,Computer Science
948,20,Electrical Engineering
949,23,Artificial Intelligence
950,23,Artificial Intelligence
951,19,Computer Science
952,22,Electrical Engineering
953,21,Software Engineering
954,21,Software Engineering
955,20,Electrical Engineering
956,20,Business Analytics
957,20,Artificial Intelligence
958,21,Computer Science
959,22,Business Analytics
960,21,Electrical Engineering
961,19,Artificial Intelligence
962,21,Business Analytics
963,19,Business Analytics
964,23,Computer Science
965,21,Software Engineering
966,19,Business Analytics
967,20,Artificial Intelligence
968,20,Artificial Intelligence
969,21,Business Analytics
970,19,Software Engineering
971,22,Electrical Engineering
972,22,Electrical Engineering
973,22,Business Analytics
974,23,Computer Science
975,19,Electrical Engineering
976,20,Software Engineering
977,19,Software Engineering
978,20,Business Analytics
979,20,Artificial Intelligence
980,21,Software Engineering
981,19,Business Analytics
982,23,Artificial Intelligence
983,19,Artificial Intelligence
984,23,Computer Science
985,22,Artificial Intelligence
986,19,Computer Science
987,21,Business Analytics
988,22,Electrical Engineering
989,19,Electrical Engineering
990,23,Business Analytics
991,19,Software Engineering
992,23,Software Engineering
993,21,Software Engineering
994,22,Business Analytics
995,20,Electrical Engineering
996,23,Software Engineering
997,23,Business Analytics
998,19,Computer Science
999,21,Software Engineering
1000,21,Business Analytics
1001,22,Business Analytics
1002,21,Electrical Engineering
1003,22,Business Analytics
1004,20,Business Analytics
1005,19,Business Analytics
1006,19,Business Analytics
1007,23,Electrical Engineering
1008,23,Electrical Engineering
1009,20,Artificial Intelligence
1010,22,Software Engineering
1011,19,Software Engineering
1012,22,Electrical Engineering
1013,21,Computer Science
1014,22,Software Engineering
1015,22,Electrical Engineering
1016,21,Business Analytics
1017,19,Artificial Intelligence
1018,20,Computer Science
1019,22,Electrical Engineering
1020,20,Electrical Engineering
1021,22,Software Engineering
1022,21,Software Engineering
1023,21,Artificial Intelligence
1024,21,Software Engineering
1025,22,Business Analytics
1026,22,Business Analytics
1027,21,Artificial Intelligence
1028,22,Business Analytics
1029,19,Business Analytics
1030,20,Electrical Engineering
1031,19,Software Engineering
1032,21,Software Engineering
1033,22,Electrical Engineering
1034,20,Software Engineering
1035,21,Electrical Engineering
1036,21,Software Engineering
1037,20,Business Analytics
1038,19,Software Engineering
1039,20,Software Engineering
1040,22,Artificial Intelligence
1041,20,Electrical Engineering
1042,21,Business Analytics
1043,20,Software Engineering
1044,23,Business Analytics
1045,22,Artificial Intelligence
1046,21,Artificial Intelligence
1047,19,Software Engineering
1048,22,Artificial Intelligence
1049,23,Electrical Engineering
1050,20,Business Analytics
1051,21,Computer Science
1052,19,Software Engineering
1053,22,Software Engineering
1054,21,Artificial Intelligence
1055,23,Software Engineering
1056,22,Business Analytics
1057,19,Electrical Engineering
1058,20,Electrical Engineering
1059,19,Software Engineering
1060,22,Business Analytics
1061,22,Electrical Engineering
1062,19,Electrical Engineering
1063,19,Business Analytics
1064,21,Electrical Engineering
1065,22,Computer Science
1066,22,Artificial Intelligence
1067,23,Computer Science
1068,21,Computer Science
1069,19,Software Engineering
1070,22,Software Engineering
1071,19,Electrical Engineering
1072,23,Software Engineering
1073,22,Business Analytics
1074,21,Computer Science
1075,23,Business Analytics
1076,23,Business Analytics
1077,23,Artificial Intelligence
1078,22,Business Analytics
1079,20,Artificial Intelligence
1080,21,Software Engineering
1081,22,Artificial Intelligence
1082,19,Artificial Intelligence
1083,19,Artificial Intelligence
1084,21,Software Engineering
1085,20,Electrical Engineering
1086,19,Artificial Intelligence
1087,21,Electrical Engineering
1088,22,Software Engineering
1089,21,Artificial Intelligence
1090,22,Artificial Intelligence
1091,19,Electrical Engineering
1092,21,Electrical Engineering
1093,22,Artificial Intelligence
1094,23,Electrical Engineering
1095,22,Software Engineering
1096,20,Software Engineering
1097,21,Artificial Intelligence
1098,19,Computer Science
1099,21,Electrical Engineering
1100,21,Business Analytics
1101,22,Software Engineering
1102,22,Computer Science
1103,21,Business Analytics
1104,23,Software Engineering
1105,23,Business Analytics
1106,23,Software Engineering
1107,23,Electrical Engineering
1108,23,Artificial Intelligence
1109,21,Business Analytics
1110,22,Artificial Intelligence
1111,19,Business Analytics
1112,23,Artificial Intelligence
1113,19,Computer Science
1114,19,Computer Science
1115,20,Artificial Intelligence
1116,19,Electrical Engineering
1117,20,Business Analytics
1118,22,Business Analytics
1119,22,Business Analytics
1120,20,Business Analytics
1121,19,Software Engineering
1122,19,Business Analytics
1123,20,Artificial Intelligence
1124,19,Software Engineering
1125,19,Computer Science
1126,22,Artificial Intelligence
1127,19,Computer Science
1128,19,Artificial Intelligence
1129,19,Business Analytics
1130,20,Computer Science
1131,20,Computer Science
1132,19,Software Engineering
1133,21,Electrical Engineering
1134,20,Electrical Engineering
1135,19,Software Engineering
1136,23,Electrical Engineering
1137,22,Artificial Intelligence
1138,23,Business Analytics
1139,21,Software Engineering
1140,23,Artificial Intelligence
1141,20,Software Engineering
1142,19,Artificial Intelligence
1143,23,Electrical Engineering
1144,22,Electrical Engineering
1145,20,Software Engineering
1146,22,Computer Science
1147,23,Computer Science
1148,19,Software Engineering
1149,23,Business Analytics
1150,22,Computer Science
1151,23,Software Engineering
1152,23,Computer Science
1153,23,Software Engineering
1154,19,Computer Science
1155,22,Software Engineering
1156,21,Software Engineering
1157,21,Artificial Intelligence
1158,22,Software Engineering
1159,21,Business Analytics
1160,23,Computer Science
1161,22,Electrical Engineering
1162,21,Computer Science
1163,20,Electrical Engineering
1164,20,Computer Science
1165,23,Software Engineering
1166,21,Computer Science
1167,20,Electrical Engineering
1168,23,Business Analytics
1169,19,Artificial Intelligence
1170,20,Computer Science
1171,21,Electrical Engineering
1172,21,Software Engineering
1173,21,Computer Science
1174,20,Electrical Engineering
1175,19,Electrical Engineering
1176,22,Electrical Engineering
1177,22,Computer Science
1178,21,Computer Science
1179,19,Business Analytics
1180,22,Computer Science
1181,23,Business Analytics
1182,22,Computer Science
1183,23,Software Engineering
1184,19,Business Analytics
1185,22,Electrical Engineering
1186,21,Business Analytics
1187,19,Business Analytics
1188,21,Computer Science
1189,22,Electrical Engineering
1190,20,Electrical Engineering
1191,20,Business Analytics
1192,19,Computer Science
1193,19,Artificial Intelligence
1194,21,Electrical Engineering
1195,22,Computer Science
1196,19,Business Analytics
1197,20,Artificial Intelligence
1198,21,Software Engineering
1199,19,Artificial Intelligence
1200,19,Electrical Engineering
1201,21,Business Analytics
1202,22,Computer Science
1203,19,Electrical Engineering
1204,19,Computer Science
1205,21,Electrical Engineering
1206,21,Electrical Engineering
1207,19,Artificial Intelligence
1208,21,Business Analytics
1209,20,Business Analytics
1210,21,Artificial Intelligence
1211,19,Software Engineering
1212,19,Business Analytics
1213,23,Business Analytics
1214,23,Business Analytics
1215,23,Software Engineering
1216,19,Business Analytics
1217,23,Artificial Intelligence
1218,19,Artificial Intelligence
1219,20,Artificial Intelligence
1220,21,Artificial Intelligence
1221,23,Electrical Engineering
1222,23,Business Analytics
1223,20,Electrical Engineering
1224,22,Computer Science
1225,20,Software Engineering
1226,23,Computer Science
1227,23,Computer Science
1228,20,Computer Science
1229,19,Computer Science
1230,21,Artificial Intelligence
1231,23,Business Analytics
1232,22,Artificial Intelligence
1233,22,Business Analytics
1234,20,Software Engineering
1235,21,Business Analytics
1236,23,Business Analytics
1237,19,Software Engineering
1238,20,Computer Science
1239,20,Computer Science
1240,21,Software Engineering
1241,20,Artificial Intelligence
1242,21,Business Analytics
1243,19,Computer Science
1244,21,Electrical Engineering
1245,19,Electrical Engineering
1246,21,Computer Science
1247,21,Electrical Engineering
1248,22,Artificial Intelligence
1249,20,Electrical Engineering
1250,20,Computer Science
1251,22,Software Engineering
1252,23,Computer Science
1253,23,Electrical Engineering
1254,19,Electrical Engineering
1255,22,Software Engineering
1256,23,Software Engineering
1257,22,Software Engineering
1258,21,Electrical Engineering
1259,21,Electrical Engineering
1260,22,Electrical Engineering
1261,22,Business Analytics
1262,22,Software Engineering
1263,19,Software Engineering
1264,20,Business Analytics
1265,21,Business Analytics
1266,20,Artificial Intelligence
1267,20,Business Analytics
1268,21,Artificial Intelligence
1269,20,Business Analytics
1270,21,Software Engineering
1271,20,Electrical Engineering
1272,19,Electrical Engineering
1273,21,Artificial Intelligence
1274,19,Electrical Engineering
1275,23,Computer Science
1276,21,Computer Science
1277,22,Computer Science
1278,22,Electrical Engineering
1279,20,Artificial Intelligence
1280,23,Artificial Intelligence
1281,19,Electrical Engineering
1282,19,Electrical Engineering
1283,19,Software Engineering
1284,19,Computer Science
1285,21,Computer Science
1286,23,Software Engineering
1287,23,Business Analytics
1288,22,Business Analytics
1289,20,Computer Science
1290,20,Artificial Intelligence
1291,23,Business Analytics
1292,21,Artificial Intelligence
1293,22,Computer Science
1294,23,Business Analytics
1295,21,Computer Science
1296,23,Artificial Intelligence
1297,22,Artificial Intelligence
1298,22,Business Analytics
1299,22,Software Engineering
1300,21,Business Analytics
1301,19,Software Engineering
1302,21,Computer Science
1303,21,Artificial Intelligence
1304,20,Software Engineering
1305,23,Computer Science
1306,19,Software Engineering
1307,21,Business Analytics
1308,23,Artificial Intelligence
1309,22,Business Analytics
1310,19,Software Engineering
1311,22,Computer Science
1312,23,Artificial Intelligence
1313,21,Business Analytics
1314,23,Computer Science
1315,21,Software Engineering
1316,21,Electrical Engineering
1317,19,Computer Science
1318,22,Business Analytics
1319,20,Business Analytics
1320,19,Software Engineering
1321,23,Software Engineering
1322,20,Business Analytics
1323,23,Electrical Engineering
1324,23,Artificial Intelligence
1325,20,Artificial Intelligence
1326,21,Artificial Intelligence
1327,19,Computer Science
1328,23,Business Analytics
1329,20,Computer Science
1330,23,Software Engineering
1331,21,Artificial Intelligence
1332,19,Artificial Intelligence
1333,20,Electrical Engineering
1334,22,Software Engineering
1335,23,Computer Science
1336,20,Artificial Intelligence
1337,19,Electrical Engineering
1338,22,Electrical Engineering
1339,23,Artificial Intelligence
1340,19,Computer Science
1341,19,Electrical Engineering
1342,19,Artificial Intelligence
1343,19,Business Analytics
1344,20,Software Engineering
1345,19,Software Engineering
1346,19,Electrical Engineering
1347,23,Electrical Engineering
1348,19,Electrical Engineering
1349,20,Business Analytics
1350,21,Software Engineering
1351,19,Electrical Engineering
1352,19,Computer Science
1353,20,Electrical Engineering
1354,20,Business Analytics
1355,20,Business Analytics
1356,20,Computer Science
1357,20,Computer Science
1358,21,Artificial Intelligence
1359,22,Software Engineering
1360,22,Computer Science
1361,20,Artificial Intelligence
1362,23,Electrical Engineering
1363,20,Software Engineering
1364,20,Electrical Engineering
1365,20,Computer Science
1366,23,Electrical Engineering
1367,20,Computer Science
1368,21,Business Analytics
1369,23,Electrical Engineering
1370,22,Computer Science
1371,21,Artificial Intelligence
1372,20,Computer Science
1373,23,Artificial Intelligence
1374,21,Business Analytics
1375,21,Electrical Engineering
1376,20,Electrical Engineering
1377,20,Electrical Engineering
1378,23,Artificial Intelligence
1379,22,Electrical Engineering
1380,22,Business Analytics
1381,19,Electrical Engineering
1382,19,Computer Science
1383,22,Business Analytics
1384,23,Computer Science
1385,21,Software Engineering
1386,23,Artificial Intelligence
1387,20,Computer Science
1388,19,Computer Science
1389,19,Computer Science
1390,20,Business Analytics
1391,21,Artificial Intelligence
1392,19,Business Analytics
1393,20,Artificial Intelligence
1394,23,Electrical Engineering
1395,19,Business Analytics
1396,20,Computer Science
1397,20,Electrical Engineering
1398,21,Software Engineering
1399,23,Software Engineering
1400,22,Artificial Intelligence
1401,19,Business Analytics
1402,23,Business Analytics
1403,20,Artificial Intelligence
1404,23,Computer Science
1405,20,Electrical Engineering
1406,23,Business Analytics
1407,20,Electrical Engineering
1408,23,Software Engineering
1409,19,Software Engineering
1410,22,Business Analytics
1411,20,Artificial Intelligence
1412,19,Electrical Engineering
1413,22,Artificial Intelligence
1414,20,Software Engineering
1415,19,Business Analytics
1416,20,Computer Science
1417,21,Artificial Intelligence
1418,22,Electrical Engineering
1419,21,Electrical Engineering
1420,19,Computer Science
1421,22,Computer Science
1422,20,Electrical Engineering
1423,22,Business Analytics
1424,20,Artificial Intelligence
1425,21,Business Analytics
1426,19,Computer Science
1427,21,Artificial Intelligence
1428,22,Artificial Intelligence
1429,21,Artificial Intelligence
1430,21,Computer Science
1431,19,Computer Science
1432,21,Electrical Engineering
1433,19,Software Engineering
1434,19,Electrical Engineering
1435,23,Artificial Intelligence
1436,23,Artificial Intelligence
1437,23,Computer Science
1438,21,Business Analytics
1439,21,Computer Science
1440,19,Software Engineering
1441,20,Software Engineering
1442,22,Artificial Intelligence
1443,21,Business Analytics
1444,21,Business Analytics
1445,20,Business Analytics
1446,23,Business Analytics
1447,22,Artificial Intelligence
1448,21,Business Analytics
1449,23,Artificial Intelligence
1450,21,Business Analytics
1451,23,Business Analytics
1452,19,Computer Science
1453,21,Software Engineering
1454,23,Electrical Engineering
1455,21,Business Analytics
1456,23,Artificial Intelligence
1457,23,Software Engineering
1458,23,Software Engineering
1459,21,Software Engineering
1460,19,Electrical Engineering
1461,21,Business Analytics
1462,22,Business Analytics
1463,21,Artificial Intelligence
1464,23,Business Analytics
1465,20,Business Analytics
1466,22,Artificial Intelligence
1467,20,Business Analytics
1468,22,Business Analytics
1469,23,Software Engineering
1470,19,Artificial Intelligence
1471,23,Business Analytics
1472,22,Business Analytics
1473,20,Computer Science
1474,23,Computer Science
1475,21,Electrical Engineering
1476,22,Electrical Engineering
1477,23,Electrical Engineering
1478,20,Computer Science
1479,23,Software Engineering
1480,20,Artificial Intelligence
1481,21,Software Engineering
1482,23,Computer Science
1483,20,Electrical Engineering
1484,22,Electrical Engineering
1485,23,Software Engineering
1486,22,Electrical Engineering
1487,19,Business Analytics
1488,19,Electrical Engineering
1489,22,Artificial Intelligence
1490,22,Computer Science
1491,23,Business Analytics
1492,21,Business Analytics
1493,21,Artificial Intelligence
1494,20,Artificial Intelligence
1495,23,Computer Science
1496,21,Artificial Intelligence
1497,22,Artificial Intelligence
1498,22,Business Analytics
1499,23,Software Engineering
1500,22,Business Analytics
1501,22,Computer Science
1502,19,Artificial Intelligence
1503,22,Computer Science
1504,21,Computer Science
1505,21,Computer Science
1506,23,Electrical Engineering
1507,21,Business Analytics
1508,20,Software Engineering
1509,22,Business Analytics
1510,21,Electrical Engineering
1511,20,Software Engineering
1512,23,Electrical Engineering
1513,20,Artificial Intelligence
1514,21,Software Engineering
1515,21,Electrical Engineering
1516,20,Electrical Engineering
1517,22,Artificial Intelligence
1518,20,Electrical Engineering
1519,22,Computer Science
1520,21,Business Analytics
1521,23,Electrical Engineering
1522,23,Computer Science
1523,23,Software Engineering
1524,22,Computer Science
1525,22,Computer Science
1526,22,Software Engineering
1527,19,Electrical Engineering
1528,20,Computer Science
1529,21,Electrical Engineering
1530,21,Computer Science
1531,21,Computer Science
1532,22,Business Analytics
1533,19,Artificial Intelligence
1534,21,Business Analytics
1535,19,Electrical Engineering
1536,19,Software Engineering
1537,23,Computer Science
1538,20,Business Analytics
1539,23,Computer Science
1540,23,Business Analytics
1541,20,Business Analytics
1542,22,Business Analytics
1543,20,Electrical Engineering
1544,19,Electrical Engineering
1545,22,Electrical Engineering
1546,22,Business Analytics
1547,21,Artificial Intelligence
1548,21,Computer Science
1549,22,Electrical Engineering
1550,19,Business Analytics
1551,22,Computer Science
1552,23,Software Engineering
1553,23,Software Engineering
1554,19,Electrical Engineering
1555,19,Computer Science
1556,21,Artificial Intelligence
1557,20,Electrical Engineering
1558,22,Business Analytics
1559,23,Business Analytics
1560,19,Software Engineering
1561,23,Software Engineering
1562,23,Artificial Intelligence
1563,20,Business Analytics
1564,23,Electrical Engineering
1565,21,Artificial Intelligence
1566,19,Computer Science
1567,19,Computer Science
1568,22,Artificial Intelligence
1569,22,Software Engineering
1570,22,Software Engineering
1571,23,Artificial Intelligence
1572,23,Software Engineering
1573,19,Computer Science
1574,22,Business Analytics
1575,22,Electrical Engineering
1576,23,Computer Science
1577,20,Software Engineering
1578,20,Business Analytics
1579,19,Business Analytics
1580,19,Software Engineering
1581,22,Software Engineering
1582,20,Software Engineering
1583,20,Artificial Intelligence
1584,22,Artificial Intelligence
1585,22,Business Analytics
1586,19,Business Analytics
1587,21,Artificial Intelligence
1588,21,Computer Science
1589,23,Computer Science
1590,20,Software Engineering
1591,22,Electrical Engineering
1592,19,Computer Science
1593,20,Artificial Intelligence
1594,23,Computer Science
1595,22,Business Analytics
1596,19,Artificial Intelligence
1597,23,Business Analytics
1598,22,Computer Science
1599,22,Software Engineering
1600,23,Electrical Engineering
1601,19,Artificial Intelligence
1602,20,Software Engineering
1603,22,Computer Science
1604,20,Software Engineering
1605,20,Software Engineering
1606,21,Artificial Intelligence
1607,22,Electrical Engineering
1608,22,Computer Science
1609,23,Software Engineering
1610,21,Artificial Intelligence
1611,19,Computer Science
1612,21,Computer Science
1613,19,Artificial Intelligence
1614,20,Software Engineering
1615,22,Electrical Engineering
1616,23,Computer Science
1617,21,Computer Science
1618,19,Artificial Intelligence
1619,20,Software Engineering
1620,19,Business Analytics
1621,23,Business Analytics
1622,23,Software Engineering
1623,22,Electrical Engineering
1624,19,Computer Science
1625,20,Business Analytics
1626,21,Artificial Intelligence
1627,22,Business Analytics
1628,22,Computer Science
1629,22,Artificial Intelligence
1630,21,Business Analytics
1631,19,Artificial Intelligence
1632,23,Computer Science
1633,19,Electrical Engineering
1634,20,Artificial Intelligence
1635,22,Business Analytics
1636,21,Electrical Engineering
1637,22,Artificial Intelligence
1638,21,Electrical Engineering
1639,23,Software Engineering
1640,20,Business Analytics
1641,22,Artificial Intelligence
1642,23,Artificial Intelligence
1643,22,Artificial Intelligence
1644,21,Computer Science
1645,19,Artificial Intelligence
1646,22,Computer Science
1647,20,Business Analytics
1648,21,Electrical Engineering
1649,20,Software Engineering
1650,19,Electrical Engineering
1651,20,Business Analytics
1652,23,Business Analytics
1653,23,Software Engineering
1654,22,Artificial Intelligence
1655,20,Artificial Intelligence
1656,23,Electrical Engineering
1657,22,Electrical Engineering
1658,23,Computer Science
1659,21,Artificial Intelligence
1660,22,Business Analytics
1661,21,Electrical Engineering
1662,22,Artificial Intelligence
1663,23,Business Analytics
1664,20,Computer Science
1665,21,Software Engineering
1666,21,Software Engineering
1667,23,Artificial Intelligence
1668,23,Software Engineering
1669,20,Software Engineering
1670,19,Software Engineering
1671,19,Artificial Intelligence
1672,21,Electrical Engineering
1673,23,Computer Science
1674,19,Computer Science
1675,21,Business Analytics
1676,20,Business Analytics
1677,21,Computer Science
1678,19,Business Analytics
1679,22,Computer Science
1680,21,Electrical Engineering
1681,20,Business Analytics
1682,21,Business Analytics
1683,23,Business Analytics
1684,20,Software Engineering
1685,23,Electrical Engineering
1686,19,Software Engineering
1687,23,Electrical Engineering
1688,22,Computer Science
1689,22,Artificial Intelligence
1690,23,Artificial Intelligence
1691,21,Electrical Engineering
1692,19,Electrical Engineering
1693,21,Artificial Intelligence
1694,20,Artificial Intelligence
1695,20,Computer Science
1696,20,Computer Science
1697,22,Computer Science
1698,19,Electrical Engineering
1699,21,Business Analytics
1700,20,Computer Science
1701,21,Electrical Engineering
1702,23,Software Engineering
1703,19,Business Analytics
1704,23,Electrical Engineering
1705,20,Electrical Engineering
1706,22,Software Engineering
1707,21,Business Analytics
1708,20,Computer Science
1709,20,Software Engineering
1710,23,Computer Science
1711,23,Computer Science
1712,22,Computer Science
1713,21,Electrical Engineering
1714,22,Electrical Engineering
1715,22,Electrical Engineering
1716,19,Business Analytics
1717,20,Artificial Intelligence
1718,22,Electrical Engineering
1719,21,Electrical Engineering
1720,19,Electrical Engineering
1721,21,Artificial Intelligence
1722,19,Artificial Intelligence
1723,21,Computer Science
1724,22,Artificial Intelligence
1725,22,Electrical Engineering
1726,19,Software Engineering
1727,21,Computer Science
1728,19,Computer Science
1729,21,Artificial Intelligence
1730,23,Electrical Engineering
1731,23,Computer Science
1732,23,Software Engineering
1733,20,Computer Science
1734,23,Computer Science
1735,19,Software Engineering
1736,21,Electrical Engineering
1737,23,Software Engineering
1738,23,Computer Science
1739,23,Software Engineering
1740,19,Artificial Intelligence
1741,21,Business Analytics
1742,22,Business Analytics
1743,22,Software Engineering
1744,20,Business Analytics
1745,20,Business Analytics
1746,21,Artificial Intelligence
1747,23,Artificial Intelligence
1748,21,Software Engineering
1749,20,Business Analytics
1750,21,Electrical Engineering
1751,22,Software Engineering
1752,20,Computer Science
1753,22,Artificial Intelligence
1754,23,Artificial Intelligence
1755,20,Computer Science
1756,20,Electrical Engineering
1757,22,Artificial Intelligence
1758,21,Software Engineering
1759,22,Computer Science
1760,22,Software Engineering
1761,21,Electrical Engineering
1762,23,Artificial Intelligence
1763,19,Software Engineering
1764,21,Electrical Engineering
1765,23,Business Analytics
1766,20,Computer Science
1767,20,Software Engineering
1768,23,Business Analytics
1769,21,Computer Science
1770,19,Computer Science
1771,23,Business Analytics
1772,20,Electrical Engineering
1773,23,Software Engineering
1774,23,Software Engineering
1775,23,Software Engineering
1776,23,Artificial Intelligence
1777,20,Electrical Engineering
1778,19,Business Analytics
1779,22,Electrical Engineering
1780,19,Business Analytics
1781,19,Artificial Intelligence
1782,19,Artificial Intelligence
1783,20,Artificial Intelligence
1784,23,Electrical Engineering
1785,22,Software Engineering
1786,23,Software Engineering
1787,23,Artificial Intelligence
1788,22,Electrical Engineering
1789,21,Artificial Intelligence
1790,21,Artificial Intelligence
1791,21,Electrical Engineering
1792,21,Business Analytics
1793,19,Computer Science
1794,20,Software Engineering
1795,23,Computer Science
1796,23,Artificial Intelligence
1797,20,Electrical Engineering
1798,20,Artificial Intelligence
1799,21,Business Analytics
1800,23,Business Analytics
1801,20,Business Analytics
1802,20,Artificial Intelligence
1803,23,Artificial Intelligence
1804,20,Electrical Engineering
1805,23,Artificial Intelligence
1806,20,Business Analytics
1807,23,Computer Science
1808,19,Business Analytics
1809,21,Electrical Engineering
1810,21,Electrical Engineering
1811,20,Artificial Intelligence
1812,20,Software Engineering
1813,21,Electrical Engineering
1814,21,Electrical Engineering
1815,22,Business Analytics
1816,23,Electrical Engineering
1817,21,Computer Science
1818,23,Software Engineering
1819,23,Electrical Engineering
1820,19,Electrical Engineering
1821,19,Artificial Intelligence
1822,21,Artificial Intelligence
1823,21,Artificial Intelligence
1824,20,Computer Science
1825,22,Artificial Intelligence
1826,20,Business Analytics
1827,21,Artificial Intelligence
1828,19,Software Engineering
1829,22,Software Engineering
1830,21,Electrical Engineering
1831,21,Computer Science
1832,19,Computer Science
1833,23,Computer Science
1834,19,Electrical Engineering
1835,20,Electrical Engineering
1836,19,Computer Science
1837,21,Computer Science
1838,20,Business Analytics
1839,19,Artificial Intelligence
1840,21,Artificial Intelligence
1841,20,Computer Science
1842,23,Business Analytics
1843,19,Business Analytics
1844,22,Business Analytics
1845,19,Business Analytics
1846,19,Electrical Engineering
1847,19,Software Engineering
1848,19,Artificial Intelligence
1849,23,Electrical Engineering
1850,23,Electrical Engineering
1851,23,Software Engineering
1852,19,Electrical Engineering
1853,22,Computer Science
1854,20,Business Analytics
1855,23,Computer Science
1856,22,Electrical Engineering
1857,21,Artificial Intelligence
1858,22,Computer Science
1859,20,Artificial Intelligence
1860,20,Electrical Engineering
1861,19,Artificial Intelligence
1862,20,Computer Science
1863,19,Computer Science
1864,20,Electrical Engineering
1865,23,Software Engineering
1866,19,Business Analytics
1867,22,Artificial Intelligence
1868,21,Computer Science
1869,23,Software Engineering
1870,23,Business Analytics
1871,22,Software Engineering
1872,23,Software Engineering
1873,20,Software Engineering
1874,23,Software Engineering
1875,20,Computer Science
1876,21,Artificial Intelligence
1877,20,Software Engineering
1878,20,Software Engineering
1879,19,Business Analytics
1880,23,Artificial Intelligence
1881,23,Software Engineering
1882,22,Artificial Intelligence
1883,20,Business Analytics
1884,20,Software Engineering
1885,22,Software Engineering
1886,19,Computer Science
1887,21,Business Analytics
1888,20,Artificial Intelligence
1889,22,Software Engineering
1890,19,Electrical Engineering
1891,21,Software Engineering
1892,22,Artificial Intelligence
1893,22,Software Engineering
1894,21,Artificial Intelligence
1895,19,Computer Science
1896,21,Electrical Engineering
1897,21,Electrical Engineering
1898,23,Software Engineering
1899,20,Electrical Engineering
1900,21,Software Engineering
1901,20,Artificial Intelligence
1902,22,Business Analytics
1903,21,Computer Science
1904,20,Business Analytics
1905,22,Electrical Engineering
1906,22,Business Analytics
1907,23,Software Engineering
1908,20,Software Engineering
1909,20,Artificial Intelligence
1910,22,Computer Science
1911,23,Computer Science
1912,23,Artificial Intelligence
1913,23,Artificial Intelligence
1914,19,Computer Science
1915,23,Software Engineering
1916,23,Software Engineering
1917,23,Computer Science
1918,23,Computer Science
1919,20,Business Analytics
1920,21,Electrical Engineering
1921,21,Electrical Engineering
1922,22,Artificial Intelligence
1923,22,Computer Science
1924,23,Computer Science
1925,22,Artificial Intelligence
1926,22,Computer Science
1927,19,Computer Science
1928,20,Software Engineering
1929,20,Business Analytics
1930,22,Computer Science
1931,23,Electrical Engineering
1932,20,Business Analytics
1933,22,Software Engineering
1934,23,Business Analytics
1935,23,Software Engineering
1936,21,Electrical Engineering
1937,19,Electrical Engineering
1938,22,Electrical Engineering
1939,20,Artificial Intelligence
1940,22,Software Engineering
1941,20,Electrical Engineering
1942,20,Computer Science
1943,20,Business Analytics
1944,22,Computer Science
1945,23,Artificial Intelligence
1946,23,Electrical Engineering
1947,22,Electrical Engineering
1948,19,Electrical Engineering
1949,23,Electrical Engineering
1950,19,Business Analytics
1951,21,Artificial Intelligence
1952,22,Business Analytics
1953,22,Software Engineering
1954,23,Computer Science
1955,20,Software Engineering
1956,20,Software Engineering
1957,19,Computer Science
1958,19,Artificial Intelligence
1959,19,Computer Science
1960,21,Computer Science
1961,21,Software Engineering
1962,23,Artificial Intelligence
1963,20,Software Engineering
1964,22,Electrical Engineering
1965,21,Business Analytics
1966,21,Business Analytics
1967,19,Business Analytics
1968,21,Software Engineering
1969,23,Electrical Engineering
1970,21,Business Analytics
1971,21,Software Engineering
1972,21,Electrical Engineering
1973,21,Software Engineering
1974,22,Computer Science
1975,22,Electrical Engineering
1976,22,Artificial Intelligence
1977,20,Software Engineering
1978,20,Artificial Intelligence
1979,22,Business Analytics
1980,19,Software Engineering
1981,23,Electrical Engineering
1982,19,Electrical Engineering
1983,20,Software Engineering
1984,23,Business Analytics
1985,20,Business Analytics
1986,22,Software Engineering
1987,20,Artificial Intelligence
1988,20,Artificial Intelligence
1989,22,Artificial Intelligence
1990,22,Business Analytics
1991,20,Business Analytics
1992,22,Artificial Intelligence
1993,23,Artificial Intelligence
1994,20,Business Analytics
1995,22,Computer Science
1996,23,Computer Science
1997,23,Software Engineering
1998,20,Software Engineering
1999,19,Computer Science
2000,20,Business Analytics
2001,21,Computer Science
2002,20,Computer Science
2003,21,Software Engineering
2004,20,Artificial Intelligence
2005,21,Artificial Intelligence
2006,23,Software Engineering
2007,20,Business Analytics
2008,19,Software Engineering
2009,22,Business Analytics
2010,23,Business Analytics
2011,20,Artificial Intelligence
2012,19,Business Analytics
2013,20,Software Engineering
2014,20,Computer Science
2015,20,Artificial Intelligence
2016,22,Electrical Engineering
2017,20,Computer Science
2018,23,Electrical Engineering
2019,19,Electrical Engineering
2020,20,Business Analytics
2021,23,Electrical Engineering
2022,19,Electrical Engineering
2023,19,Business Analytics
2024,22,Business Analytics
2025,23,Electrical Engineering
2026,20,Business Analytics
2027,21,Artificial Intelligence
2028,19,Business Analytics
2029,20,Software Engineering
2030,20,Computer Science
2031,23,Artificial Intelligence
2032,19,Business Analytics
2033,20,Electrical Engineering
2034,20,Business Analytics
2035,22,Artificial Intelligence
2036,23,Artificial Intelligence
2037,22,Computer Science
2038,22,Software Engineering
2039,19,Computer Science
2040,21,Computer Science
2041,23,Software Engineering
2042,22,Software Engineering
2043,20,Computer Science
2044,21,Artificial Intelligence
2045,22,Business Analytics
2046,19,Artificial Intelligence
2047,21,Artificial Intelligence
2048,22,Business Analytics
2049,21,Electrical Engineering
2050,21,Electrical Engineering
2051,21,Electrical Engineering
2052,21,Artificial Intelligence
2053,22,Computer Science
2054,21,Electrical Engineering
2055,22,Software Engineering
2056,20,Computer Science
2057,20,Software Engineering
2058,19,Software Engineering
2059,22,Computer Science
2060,19,Computer Science
2061,19,Electrical Engineering
2062,20,Artificial Intelligence
2063,19,Computer Science
2064,22,Computer Science
2065,21,Business Analytics
2066,23,Electrical Engineering
2067,21,Business Analytics
2068,19,Electrical Engineering
2069,20,Electrical Engineering
2070,23,Artificial Intelligence
2071,21,Business Analytics
2072,22,Software Engineering
2073,23,Computer Science
2074,20,Computer Science
2075,20,Computer Science
2076,20,Software Engineering
2077,20,Software Engineering
2078,22,Business Analytics
2079,19,Computer Science
2080,22,Electrical Engineering
2081,23,Software Engineering
2082,19,Artificial Intelligence
2083,20,Artificial Intelligence
2084,22,Electrical Engineering
2085,20,Software Engineering
2086,19,Software Engineering
2087,21,Electrical Engineering
2088,21,Computer Science
2089,21,Electrical Engineering
2090,20,Business Analytics
2091,20,Business Analytics
2092,19,Software Engineering
2093,20,Electrical Engineering
2094,21,Artificial Intelligence
2095,22,Software Engineering
2096,19,Electrical Engineering
2097,20,Business Analytics
2098,19,Artificial Intelligence
2099,19,Business Analytics
2100,19,Electrical Engineering
2101,20,Electrical Engineering
2102,21,Computer Science
2103,21,Business Analytics
2104,22,Business Analytics
2105,22,Business Analytics
2106,20,Software Engineering
2107,19,Business Analytics
2108,20,Software Engineering
2109,21,Business Analytics
2110,19,Software Engineering
2111,19,Computer Science
2112,22,Computer Science
2113,21,Electrical Engineering
2114,23,Artificial Intelligence
2115,22,Electrical Engineering
2116,19,Artificial Intelligence
2117,23,Business Analytics
2118,21,Electrical Engineering
2119,20,Computer Science
2120,22,Computer Science
2121,21,Business Analytics
2122,19,Artificial Intelligence
2123,21,Artificial Intelligence
2124,20,Business Analytics
2125,19,Software Engineering
2126,22,Electrical Engineering
2127,20,Business Analytics
2128,22,Artificial Intelligence
2129,22,Computer Science
2130,19,Software Engineering
2131,22,Business Analytics
2132,19,Electrical Engineering
2133,23,Business Analytics
2134,22,Software Engineering
2135,21,Artificial Intelligence
2136,22,Business Analytics
2137,19,Computer Science
2138,19,Artificial Intelligence
2139,23,Electrical Engineering
2140,20,Business Analytics
2141,22,Computer Science
2142,19,Business Analytics
2143,19,Business Analytics
2144,21,Computer Science
2145,21,Software Engineering
2146,19,Electrical Engineering
2147,19,Computer Science
2148,19,Electrical Engineering
2149,19,Software Engineering
2150,20,Software Engineering
2151,23,Business Analytics
2152,19,Electrical Engineering
2153,22,Computer Science
2154,22,Software Engineering
2155,22,Business Analytics
2156,22,Artificial Intelligence
2157,20,Electrical Engineering
2158,20,Electrical Engineering
2159,23,Artificial Intelligence
2160,20,Electrical Engineering
2161,22,Computer Science
2162,22,Business Analytics
2163,20,Electrical Engineering
2164,19,Business Analytics
2165,19,Electrical Engineering
2166,23,Computer Science
2167,19,Business Analytics
2168,19,Business Analytics
2169,23,Software Engineering
2170,19,Electrical Engineering
2171,19,Software Engineering
2172,22,Business Analytics
2173,21,Electrical Engineering
2174,20,Computer Science
2175,21,Electrical Engineering
2176,23,Business Analytics
2177,22,Artificial Intelligence
2178,20,Computer Science
2179,20,Artificial Intelligence
2180,23,Artificial Intelligence
2181,19,Computer Science
2182,22,Electrical Engineering
2183,21,Electrical Engineering
2184,21,Software Engineering
2185,19,Software Engineering
2186,21,Artificial Intelligence
2187,19,Electrical Engineering
2188,20,Computer Science
2189,19,Business Analytics
2190,23,Software Engineering
2191,22,Software Engineering
2192,22,Artificial Intelligence
2193,20,Electrical Engineering
2194,22,Business Analytics
2195,20,Business Analytics
2196,22,Business Analytics
2197,23,Artificial Intelligence
2198,21,Electrical Engineering
2199,23,Business Analytics
2200,19,Electrical Engineering
2201,20,Artificial Intelligence
2202,23,Business Analytics
2203,21,Electrical Engineering
2204,22,Computer Science
2205,21,Computer Science
2206,20,Electrical Engineering
2207,20,Artificial Intelligence
2208,23,Artificial Intelligence
2209,22,Software Engineering
2210,21,Computer Science
2211,22,Business Analytics
2212,23,Artificial Intelligence
2213,21,Software Engineering
2214,19,Software Engineering
2215,23,Software Engineering
2216,23,Business Analytics
2217,20,Electrical Engineering
2218,22,Business Analytics
2219,21,Business Analytics
2220,22,Software Engineering
2221,20,Computer Science
2222,19,Computer Science
2223,23,Artificial Intelligence
2224,19,Electrical Engineering
2225,22,Electrical Engineering
2226,20,Electrical Engineering
2227,22,Computer Science
2228,21,Business Analytics
2229,21,Computer Science
2230,23,Computer Science
2231,22,Electrical Engineering
2232,21,Software Engineering
2233,22,Artificial Intelligence
2234,19,Business Analytics
2235,19,Electrical Engineering
2236,20,Business Analytics
2237,23,Electrical Engineering
2238,21,Artificial Intelligence
2239,23,Computer Science
2240,19,Business Analytics
2241,23,Computer Science
2242,19,Artificial Intelligence
2243,20,Electrical Engineering
2244,22,Computer Science
2245,23,Business Analytics
2246,22,Software Engineering
2247,22,Artificial Intelligence
2248,21,Electrical Engineering
2249,19,Artificial Intelligence
2250,19,Electrical Engineering
2251,19,Software Engineering
2252,21,Computer Science
2253,19,Computer Science
2254,22,Computer Science
2255,19,Electrical Engineering
2256,19,Software Engineering
2257,19,Business Analytics
2258,21,Computer Science
2259,23,Artificial Intelligence
2260,19,Business Analytics
2261,23,Software Engineering
2262,20,Electrical Engineering
2263,20,Computer Science
2264,19,Computer Science
2265,21,Business Analytics
2266,19,Electrical Engineering
2267,19,Computer Science
2268,19,Electrical Engineering
2269,19,Software Engineering
2270,19,Software Engineering
2271,19,Computer Science
2272,20,Electrical Engineering
2273,21,Electrical Engineering
2274,20,Software Engineering
2275,20,Electrical Engineering
2276,20,Business Analytics
2277,20,Software Engineering
2278,20,Computer Science
2279,21,Software Engineering
2280,22,Business Analytics
2281,23,Business Analytics
2282,23,Computer Science
2283,23,Artificial Intelligence
2284,22,Computer Science
2285,20,Computer Science
2286,20,Electrical Engineering
2287,20,Electrical Engineering
2288,22,Software Engineering
2289,19,Software Engineering
2290,19,Software Engineering
2291,23,Computer Science
2292,21,Software Engineering
2293,23,Electrical Engineering
2294,21,Software Engineering
2295,19,Electrical Engineering
2296,23,Computer Science
2297,22,Software Engineering
2298,22,Electrical Engineering
2299,23,Electrical Engineering
2300,22,Business Analytics
2301,20,Software Engineering
2302,22,Artificial Intelligence
2303,22,Artificial Intelligence
2304,22,Business Analytics
2305,19,Electrical Engineering
2306,22,Software Engineering
2307,19,Electrical Engineering
2308,22,Artificial Intelligence
2309,20,Electrical Engineering
2310,23,Electrical Engineering
2311,22,Artificial Intelligence
2312,21,Software Engineering
2313,21,Business Analytics
2314,22,Software Engineering
2315,19,Artificial Intelligence
2316,19,Computer Science
2317,20,Computer Science
2318,21,Electrical Engineering
2319,20,Business Analytics
2320,22,Artificial Intelligence
2321,20,Artificial Intelligence
2322,22,Artificial Intelligence
2323,23,Electrical Engineering
2324,21,Software Engineering
2325,22,Artificial Intelligence
2326,21,Software Engineering
2327,19,Business Analytics
2328,21,Electrical Engineering
2329,21,Computer Science
2330,22,Business Analytics
2331,20,Computer Science
2332,22,Computer Science
2333,22,Business Analytics
2334,19,Computer Science
2335,22,Artificial Intelligence
2336,23,Artificial Intelligence
2337,20,Artificial Intelligence
2338,23,Business Analytics
2339,22,Artificial Intelligence
2340,20,Artificial Intelligence
2341,22,Computer Science
2342,23,Software Engineering
2343,19,Computer Science
2344,23,Artificial Intelligence
2345,22,Software Engineering
2346,23,Electrical Engineering
2347,23,Software Engineering
2348,23,Software Engineering
2349,19,Software Engineering
2350,22,Electrical Engineering
2351,21,Business Analytics
2352,23,Business Analytics
2353,22,Business Analytics
2354,22,Business Analytics
2355,19,Business Analytics
2356,20,Electrical Engineering
2357,20,Business Analytics
2358,21,Business Analytics
2359,19,Computer Science
2360,22,Business Analytics
2361,22,Electrical Engineering
2362,23,Software Engineering
2363,20,Electrical Engineering
2364,20,Business Analytics
2365,23,Electrical Engineering
2366,23,Electrical Engineering
2367,19,Software Engineering
2368,19,Electrical Engineering
2369,23,Electrical Engineering
2370,23,Computer Science
2371,19,Computer Science
2372,20,Computer Science
2373,23,Business Analytics
2374,22,Software Engineering
2375,19,Computer Science
2376,22,Electrical Engineering
2377,22,Computer Science
2378,22,Artificial Intelligence
2379,20,Artificial Intelligence
2380,19,Computer Science
2381,19,Software Engineering
2382,21,Computer Science
2383,23,Computer Science
2384,23,Software Engineering
2385,21,Business Analytics
2386,21,Electrical Engineering
2387,23,Software Engineering
2388,19,Software Engineering
2389,22,Electrical Engineering
2390,20,Electrical Engineering
2391,23,Electrical Engineering
2392,23,Software Engineering
2393,22,Business Analytics
2394,19,Electrical Engineering
2395,20,Business Analytics
2396,19,Business Analytics
2397,23,Computer Science
2398,23,Computer Science
2399,21,Artificial Intelligence
2400,22,Business Analytics
2401,21,Computer Science
2402,21,Artificial Intelligence
2403,23,Artificial Intelligence
2404,23,Business Analytics
2405,21,Business Analytics
2406,21,Business Analytics
2407,21,Software Engineering
2408,20,Artificial Intelligence
2409,22,Electrical Engineering
2410,20,Electrical Engineering
2411,21,Business Analytics
2412,23,Artificial Intelligence
2413,20,Artificial Intelligence
2414,19,Electrical Engineering
2415,20,Software Engineering
2416,19,Computer Science
2417,21,Business Analytics
2418,20,Artificial Intelligence
2419,23,Software Engineering
2420,21,Electrical Engineering
2421,23,Artificial Intelligence
2422,20,Computer Science
2423,23,Software Engineering
2424,21,Software Engineering
2425,20,Computer Science
2426,22,Electrical Engineering
2427,19,Software Engineering
2428,23,Software Engineering
2429,23,Software Engineering
2430,20,Electrical Engineering
2431,19,Electrical Engineering
2432,23,Electrical Engineering
2433,20,Business Analytics
2434,20,Electrical Engineering
2435,22,Artificial Intelligence
2436,21,Business Analytics
2437,23,Software Engineering
2438,23,Business Analytics
2439,19,Software Engineering
2440,19,Electrical Engineering
2441,20,Business Analytics
2442,23,Business Analytics
2443,19,Computer Science
2444,23,Electrical Engineering
2445,19,Business Analytics
2446,21,Software Engineering
2447,20,Software Engineering
2448,20,Electrical Engineering
2449,22,Business Analytics
2450,19,Computer Science
2451,22,Business Analytics
2452,20,Software Engineering
2453,19,Business Analytics
2454,19,Artificial Intelligence
2455,19,Business Analytics
2456,20,Business Analytics
2457,21,Artificial Intelligence
2458,23,Software Engineering
2459,20,Computer Science
2460,23,Software Engineering
2461,20,Electrical Engineering
2462,20,Artificial Intelligence
2463,21,Electrical Engineering
2464,20,Electrical Engineering
2465,21,Business Analytics
2466,23,Electrical Engineering
2467,20,Business Analytics
2468,23,Computer Science
2469,21,Computer Science
2470,23,Artificial Intelligence
2471,20,Software Engineering
2472,22,Artificial Intelligence
2473,19,Electrical Engineering
2474,19,Software Engineering
2475,22,Business Analytics
2476,22,Business Analytics
2477,21,Artificial Intelligence
2478,21,Business Analytics
2479,19,Computer Science
2480,21,Business Analytics
2481,20,Business Analytics
2482,20,Software Engineering
2483,23,Computer Science
2484,19,Artificial Intelligence
2485,21,Software Engineering
2486,20,Business Analytics
2487,22,Artificial Intelligence
2488,23,Electrical Engineering
2489,22,Business Analytics
2490,20,Artificial Intelligence
2491,20,Software Engineering
2492,20,Artificial Intelligence
2493,22,Computer Science
2494,21,Business Analytics
2495,19,Electrical Engineering
2496,20,Computer Science
2497,21,Electrical Engineering
2498,21,Electrical Engineering
2499,19,Software Engineering
2500,21,Business Analytics
