Teacher_ID,Domain
1,Software Engineering
2,Software Engineering
3,Business Analytics
4,Electrical Engineering
5,Business Analytics
6,Electrical Engineering
7,Software Engineering
8,Artificial Intelligence
9,Artificial Intelligence
10,Computer Science
11,Computer Science
12,Computer Science
13,Business Analytics
14,Artificial Intelligence
15,Computer Science
16,Business Analytics
17,Artificial Intelligence
18,Computer Science
19,Business Analytics
20,Business Analytics
21,Business Analytics
22,Artificial Intelligence
23,Software Engineering
24,Business Analytics
25,Computer Science
26,Electrical Engineering
27,Software Engineering
28,Computer Science
29,Computer Science
30,Business Analytics
31,Electrical Engineering
32,Computer Science
33,Electrical Engineering
34,Business Analytics
35,Business Analytics
36,Computer Science
37,Business Analytics
38,Electrical Engineering
39,Electrical Engineering
40,Computer Science
41,Artificial Intelligence
42,Software Engineering
43,Software Engineering
44,Software Engineering
45,Computer Science
46,Electrical Engineering
47,Business Analytics
48,Computer Science
49,Electrical Engineering
50,Computer Science
51,Artificial Intelligence
52,Computer Science
53,Computer Science
54,Electrical Engineering
55,Computer Science
56,Artificial Intelligence
57,Electrical Engineering
58,Electrical Engineering
59,Electrical Engineering
60,Software Engineering
